<?xml version="1.0" encoding="UTF-8"?>
<Container>
    <Configuration>
        <ContainerHost>0.0.0.0</ContainerHost>
        <Port>38986</Port>
        <MaxListEntries>150</MaxListEntries>    
        <MaxObjectBrowserEntries>1000000</MaxObjectBrowserEntries>
        <EnableRecovery>true</EnableRecovery>
        <RecoveryMaxRetry>30</RecoveryMaxRetry>
        <RecoveryRetrySleepTime>10000</RecoveryRetrySleepTime>
        <JettyMinThreads>1</JettyMinThreads>
        <JettyMaxThreads>255</JettyMaxThreads>
        <JettyMaxIdleTime>2000</JettyMaxIdleTime>
        <LoadTTL>10</LoadTTL>
        <CleanupTime>1</CleanupTime>
        <IgnoreSSL>N</IgnoreSSL>
        <JvmOption></JvmOption>
        <MaxActiveJobs>100</MaxActiveJobs>
        <NumberOfRetries>30</NumberOfRetries>
        <RetryInterval>10</RetryInterval>
        <FwIterationNum>3</FwIterationNum>
        <FwSleepInterval>30</FwSleepInterval>
        <ShellPath>/bin/bash</ShellPath>
        <AgentsTempFolder>shared/CONTROL-M/Agents</AgentsTempFolder> 
        <OozieUrlFormat>http://HOST:PORT/oozie/</OozieUrlFormat> 
    </Configuration>
</Container>
