<?xml version="1.0" encoding="UTF-8" standalone="yes"?><Accounts><Account><RunAsUser>joe@DOMAIN</RunAsUser><UserKeytabFilePath>/home/joe/joe.keytab</UserKeytabFilePath><DatabasePort>0</DatabasePort><ConnectionString>jdbc:postgresql://dbhost:5432/database</ConnectionString><DriverClass>oracle.jdbc.driver.OracleDriver</DriverClass><DatabaseUser>emuser</DatabaseUser><DatabasePassword>5EFTY7882347238sdf</DatabasePassword><AutomaticDatabasesMode>false</AutomaticDatabasesMode><UseSqoop>false</UseSqoop><UseHive2>false</UseHive2><Hive2Host>hiveServer</Hive2Host><Hive2Port>7233</Hive2Port><UseTajo2>false</UseTajo2><TajoMasterServerPort>0</TajoMasterServerPort></Account><Account><AccountName>DEFAULT</AccountName><RunAsUser></RunAsUser><UserKeytabFilePath></UserKeytabFilePath><DatabaseVendor>PostgreSQL</DatabaseVendor><DatabaseHost></DatabaseHost><DatabaseName></DatabaseName><DatabasePort>0</DatabasePort><ConnectionString></ConnectionString><DriverClass></DriverClass><DatabaseUser></DatabaseUser><DatabasePassword></DatabasePassword><AutomaticDatabasesMode>false</AutomaticDatabasesMode><UseSqoop>false</UseSqoop><UseHive2>false</UseHive2><Hive2Host></Hive2Host><Hive2dataBaseName></Hive2dataBaseName><Hive2Port>0</Hive2Port><Hive2Principal></Hive2Principal><Hive2User></Hive2User><Hive2Password></Hive2Password><UseTajo2>false</UseTajo2><TajoBinaryPath></TajoBinaryPath><TajoDataBaseName></TajoDataBaseName><TajoMasterServerName></TajoMasterServerName><TajoMasterServerPort>0</TajoMasterServerPort></Account></Accounts>